arch,seed,opponent,games,p0_wr,p0_avg_len,p1_wr,p1_avg_len,total_wr
gridnet,1,RandomBiasedAI,1000,1.0,943,1.0,901,1.0
gridnet,1,WorkerRush,1000,0.276,1006,0.25,1087,0.263
gridnet,1,LightRush,1000,0.638,1210,0.994,760,0.816
gridnet,1,CoacAI,1000,0.132,1353,0.984,767,0.558
gridnet,1,Mayari,1000,0.566,1333,0.35,1354,0.458
gridnet,2,RandomBiasedAI,1000,1.0,974,1.0,951,1.0
gridnet,2,WorkerRush,1000,0.572,1046,0.4,1076,0.486
gridnet,2,LightRush,1000,0.846,1230,0.998,765,0.922
gridnet,2,CoacAI,1000,0.06,1352,0.976,591,0.518
gridnet,2,Mayari,1000,0.76,1322,0.41,1364,0.585
gridnet,3,RandomBiasedAI,1000,1.0,994,1.0,1008,1.0
gridnet,3,WorkerRush,1000,0.432,964,0.318,1159,0.375
gridnet,3,LightRush,1000,0.688,1318,0.964,792,0.826
gridnet,3,CoacAI,1000,0.022,1368,0.838,781,0.43
gridnet,3,Mayari,1000,0.718,1454,0.262,1328,0.49
impala,1,RandomBiasedAI,1000,1.0,941,1.0,903,1.0
impala,1,WorkerRush,1000,0.992,821,0.798,1046,0.895
impala,1,LightRush,1000,0.986,1021,0.676,1419,0.831
impala,1,CoacAI,1000,0.188,1712,0.306,1467,0.247
impala,1,Mayari,1000,0.746,1385,0.644,1481,0.695
impala,2,RandomBiasedAI,1000,1.0,913,1.0,922,1.0
impala,2,WorkerRush,1000,0.566,1202,0.104,1294,0.335
impala,2,LightRush,1000,0.868,1029,0.754,1266,0.811
impala,2,CoacAI,1000,0.208,1352,0.386,1152,0.297
impala,2,Mayari,1000,0.7,1268,0.462,1389,0.581
impala,3,RandomBiasedAI,1000,1.0,866,1.0,908,1.0
impala,3,WorkerRush,1000,0.832,927,0.364,1234,0.598
impala,3,LightRush,1000,0.87,1142,0.948,853,0.909
impala,3,CoacAI,1000,0.058,1535,0.926,776,0.492
impala,3,Mayari,1000,0.838,1168,0.376,1389,0.607
impala_entity,1,RandomBiasedAI,1000,1.0,851,1.0,902,1.0
impala_entity,1,WorkerRush,1000,0.926,905,0.404,1628,0.665
impala_entity,1,LightRush,1000,0.854,1185,0.77,1234,0.812
impala_entity,1,CoacAI,1000,0.122,1595,0.802,1113,0.462
impala_entity,1,Mayari,1000,0.798,1214,0.904,1155,0.851
impala_entity,2,RandomBiasedAI,1000,1.0,864,1.0,1053,1.0
impala_entity,2,WorkerRush,1000,0.932,994,0.35,1826,0.641
impala_entity,2,LightRush,1000,0.828,1306,0.954,1104,0.891
impala_entity,2,CoacAI,1000,0.008,1369,0.968,764,0.488
impala_entity,2,Mayari,1000,0.736,1346,0.544,1431,0.64
impala_entity,3,RandomBiasedAI,1000,1.0,845,1.0,962,1.0
impala_entity,3,WorkerRush,1000,0.988,907,0.41,1346,0.699
impala_entity,3,LightRush,1000,0.698,1398,0.994,809,0.846
impala_entity,3,CoacAI,1000,0.116,1541,0.988,737,0.552
impala_entity,3,Mayari,1000,0.76,1286,0.624,1363,0.692
unet,1,RandomBiasedAI,1000,1.0,697,1.0,703,1.0
unet,1,WorkerRush,1000,0.81,1265,0.802,1280,0.806
unet,1,LightRush,1000,0.82,1076,0.994,784,0.907
unet,1,CoacAI,1000,0.18,1527,0.964,670,0.572
unet,1,Mayari,1000,0.796,1188,0.426,1395,0.611
unet,2,RandomBiasedAI,1000,1.0,757,1.0,729,1.0
unet,2,WorkerRush,1000,0.854,1180,0.97,1289,0.912
unet,2,LightRush,1000,0.916,1167,0.964,1079,0.94
unet,2,CoacAI,1000,0.154,1772,0.654,1337,0.404
unet,2,Mayari,1000,0.76,1269,0.568,1573,0.664
unet,3,RandomBiasedAI,1000,1.0,813,1.0,797,1.0
unet,3,WorkerRush,1000,0.928,1227,0.714,1586,0.821
unet,3,LightRush,1000,0.89,1100,0.998,793,0.944
unet,3,CoacAI,1000,0.008,1409,0.984,747,0.496
unet,3,Mayari,1000,0.704,1297,0.256,1517,0.48
unet_entity,1,RandomBiasedAI,1000,1.0,730,1.0,780,1.0
unet_entity,1,WorkerRush,1000,0.352,1365,0.996,884,0.674
unet_entity,1,LightRush,1000,0.63,1250,0.498,1452,0.564
unet_entity,1,CoacAI,1000,0.724,1383,0.734,1273,0.729
unet_entity,1,Mayari,1000,0.98,943,0.94,1150,0.96
unet_entity,2,RandomBiasedAI,1000,1.0,786,1.0,655,1.0
unet_entity,2,WorkerRush,1000,0.974,1003,0.998,1024,0.986
unet_entity,2,LightRush,1000,0.968,1215,1.0,692,0.984
unet_entity,2,CoacAI,1000,0.004,1470,0.98,783,0.492
unet_entity,2,Mayari,1000,0.904,1208,0.194,2158,0.549
unet_entity,3,RandomBiasedAI,1000,1.0,751,1.0,894,1.0
unet_entity,3,WorkerRush,1000,0.998,908,0.974,876,0.986
unet_entity,3,LightRush,1000,0.924,1067,0.87,1256,0.897
unet_entity,3,CoacAI,1000,0.422,1646,0.852,1150,0.637
unet_entity,3,Mayari,1000,0.986,1066,0.908,1203,0.947
unet_entity_cbam,1,RandomBiasedAI,1000,1.0,694,1.0,769,1.0
unet_entity_cbam,1,WorkerRush,1000,0.71,1143,0.704,1109,0.707
unet_entity_cbam,1,LightRush,1000,0.974,712,0.952,838,0.963
unet_entity_cbam,1,CoacAI,1000,0.642,1369,0.962,852,0.802
unet_entity_cbam,1,Mayari,1000,0.946,918,0.924,1067,0.935
unet_entity_cbam,2,RandomBiasedAI,1000,1.0,840,1.0,687,1.0
unet_entity_cbam,2,WorkerRush,1000,0.978,1093,0.744,1307,0.861
unet_entity_cbam,2,LightRush,1000,0.742,1345,0.968,1076,0.855
unet_entity_cbam,2,CoacAI,1000,0.006,1269,0.276,1290,0.141
unet_entity_cbam,2,Mayari,1000,0.552,1548,0.784,1270,0.668
unet_entity_cbam,3,RandomBiasedAI,1000,1.0,760,1.0,714,1.0
unet_entity_cbam,3,WorkerRush,1000,0.936,1069,0.48,1725,0.708
unet_entity_cbam,3,LightRush,1000,0.962,1194,0.998,789,0.98
unet_entity_cbam,3,CoacAI,1000,0.002,1455,0.98,852,0.491
unet_entity_cbam,3,Mayari,1000,0.856,1225,0.668,1359,0.762
unet_entity_cbam_deep,1,RandomBiasedAI,1000,1.0,935,1.0,865,1.0
unet_entity_cbam_deep,1,WorkerRush,1000,0.978,892,0.986,806,0.982
unet_entity_cbam_deep,1,LightRush,1000,0.996,941,0.998,970,0.997
unet_entity_cbam_deep,1,CoacAI,1000,0.546,1434,0.934,974,0.74
unet_entity_cbam_deep,1,Mayari,1000,0.948,1202,0.95,1139,0.949
unet_entity_cbam_deep,2,RandomBiasedAI,1000,1.0,701,1.0,993,1.0
unet_entity_cbam_deep,2,WorkerRush,1000,0.95,940,0.994,888,0.972
unet_entity_cbam_deep,2,LightRush,1000,0.974,1047,1.0,1111,0.987
unet_entity_cbam_deep,2,CoacAI,1000,0.234,1415,0.934,1136,0.584
unet_entity_cbam_deep,2,Mayari,1000,0.868,1169,0.926,1262,0.897
unet_entity_cbam_deep,3,RandomBiasedAI,1000,1.0,825,1.0,701,1.0
unet_entity_cbam_deep,3,WorkerRush,1000,0.996,981,0.936,1000,0.966
unet_entity_cbam_deep,3,LightRush,1000,0.958,1163,0.988,1087,0.973
unet_entity_cbam_deep,3,CoacAI,1000,0.0,1436,0.316,1306,0.158
unet_entity_cbam_deep,3,Mayari,1000,0.728,1441,0.736,1377,0.732
